<annotation>
	<folder>my-project-name</folder>
	<filename>C-2020-005-3467.jpeg</filename>
	<path>/my-project-name/C-2020-005-3467.jpeg</path>
	<source>
		<database>Unspecified</database>
	</source>
	<size>
		<width>2448</width>
		<height>3264</height>
		<depth>3</depth>
	</size>
	<object>
		<name>fin_slice</name>
		<pose>Unspecified</pose>
		<truncated>Unspecified</truncated>
		<difficult>Unspecified</difficult>
		<bndbox>
			<xmin>704</xmin>
			<ymin>1178</ymin>
			<xmax>927</xmax>
			<ymax>1420</ymax>
		</bndbox>
	</object>
	<object>
		<name>impression</name>
		<pose>Unspecified</pose>
		<truncated>Unspecified</truncated>
		<difficult>Unspecified</difficult>
		<bndbox>
			<xmin>1351</xmin>
			<ymin>1063</ymin>
			<xmax>1696</xmax>
			<ymax>1253</ymax>
		</bndbox>
	</object>
	<object>
		<name>dolphin</name>
		<pose>Unspecified</pose>
		<truncated>Unspecified</truncated>
		<difficult>Unspecified</difficult>
		<bndbox>
			<xmin>669</xmin>
			<ymin>206</ymin>
			<xmax>2448</xmax>
			<ymax>2856</ymax>
		</bndbox>
	</object>
</annotation>