<annotation>
	<folder>my-project-name</folder>
	<filename>C-2020-005-3461.jpeg</filename>
	<path>/my-project-name/C-2020-005-3461.jpeg</path>
	<source>
		<database>Unspecified</database>
	</source>
	<size>
		<width>2448</width>
		<height>3264</height>
		<depth>3</depth>
	</size>
	<object>
		<name>fin_slice</name>
		<pose>Unspecified</pose>
		<truncated>Unspecified</truncated>
		<difficult>Unspecified</difficult>
		<bndbox>
			<xmin>1165</xmin>
			<ymin>464</ymin>
			<xmax>1557</xmax>
			<ymax>857</ymax>
		</bndbox>
	</object>
	<object>
		<name>dolphin</name>
		<pose>Unspecified</pose>
		<truncated>Unspecified</truncated>
		<difficult>Unspecified</difficult>
		<bndbox>
			<xmin>0</xmin>
			<ymin>0</ymin>
			<xmax>1700</xmax>
			<ymax>3252</ymax>
		</bndbox>
	</object>
</annotation>