<annotation>
	<folder>my-project-name</folder>
	<filename>C-2020-005-3483.jpg</filename>
	<path>/my-project-name/C-2020-005-3483.jpg</path>
	<source>
		<database>Unspecified</database>
	</source>
	<size>
		<width>2448</width>
		<height>3264</height>
		<depth>3</depth>
	</size>
	<object>
		<name>fin_slice</name>
		<pose>Unspecified</pose>
		<truncated>Unspecified</truncated>
		<difficult>Unspecified</difficult>
		<bndbox>
			<xmin>891</xmin>
			<ymin>1253</ymin>
			<xmax>1180</xmax>
			<ymax>1543</ymax>
		</bndbox>
	</object>
	<object>
		<name>dolphin</name>
		<pose>Unspecified</pose>
		<truncated>Unspecified</truncated>
		<difficult>Unspecified</difficult>
		<bndbox>
			<xmin>645</xmin>
			<ymin>20</ymin>
			<xmax>2448</xmax>
			<ymax>3006</ymax>
		</bndbox>
	</object>
</annotation>