<annotation>
	<folder>my-project-name</folder>
	<filename>C-2020-005-3449.jpeg</filename>
	<path>/my-project-name/C-2020-005-3449.jpeg</path>
	<source>
		<database>Unspecified</database>
	</source>
	<size>
		<width>2448</width>
		<height>3264</height>
		<depth>3</depth>
	</size>
	<object>
		<name>dolphin</name>
		<pose>Unspecified</pose>
		<truncated>Unspecified</truncated>
		<difficult>Unspecified</difficult>
		<bndbox>
			<xmin>0</xmin>
			<ymin>0</ymin>
			<xmax>2448</xmax>
			<ymax>2007</ymax>
		</bndbox>
	</object>
	<object>
		<name>impression</name>
		<pose>Unspecified</pose>
		<truncated>Unspecified</truncated>
		<difficult>Unspecified</difficult>
		<bndbox>
			<xmin>888</xmin>
			<ymin>88</ymin>
			<xmax>1185</xmax>
			<ymax>198</ymax>
		</bndbox>
	</object>
</annotation>