<annotation>
	<folder>my-project-name</folder>
	<filename>C-2020-005-3470.jpeg</filename>
	<path>/my-project-name/C-2020-005-3470.jpeg</path>
	<source>
		<database>Unspecified</database>
	</source>
	<size>
		<width>3264</width>
		<height>2448</height>
		<depth>3</depth>
	</size>
	<object>
		<name>impression</name>
		<pose>Unspecified</pose>
		<truncated>Unspecified</truncated>
		<difficult>Unspecified</difficult>
		<bndbox>
			<xmin>1108</xmin>
			<ymin>1341</ymin>
			<xmax>1329</xmax>
			<ymax>1544</ymax>
		</bndbox>
	</object>
	<object>
		<name>impression</name>
		<pose>Unspecified</pose>
		<truncated>Unspecified</truncated>
		<difficult>Unspecified</difficult>
		<bndbox>
			<xmin>163</xmin>
			<ymin>1341</ymin>
			<xmax>475</xmax>
			<ymax>1544</ymax>
		</bndbox>
	</object>
	<object>
		<name>impression</name>
		<pose>Unspecified</pose>
		<truncated>Unspecified</truncated>
		<difficult>Unspecified</difficult>
		<bndbox>
			<xmin>2123</xmin>
			<ymin>1383</ymin>
			<xmax>2224</xmax>
			<ymax>1493</ymax>
		</bndbox>
	</object>
	<object>
		<name>impression</name>
		<pose>Unspecified</pose>
		<truncated>Unspecified</truncated>
		<difficult>Unspecified</difficult>
		<bndbox>
			<xmin>2566</xmin>
			<ymin>1324</ymin>
			<xmax>2628</xmax>
			<ymax>1425</ymax>
		</bndbox>
	</object>
	<object>
		<name>dolphin</name>
		<pose>Unspecified</pose>
		<truncated>Unspecified</truncated>
		<difficult>Unspecified</difficult>
		<bndbox>
			<xmin>0</xmin>
			<ymin>0</ymin>
			<xmax>3262</xmax>
			<ymax>2445</ymax>
		</bndbox>
	</object>
</annotation>