<annotation>
	<folder>my-project-name</folder>
	<filename>C-2020-002-2928.jpg</filename>
	<path>/my-project-name/C-2020-002-2928.jpg</path>
	<source>
		<database>Unspecified</database>
	</source>
	<size>
		<width>4160</width>
		<height>3120</height>
		<depth>3</depth>
	</size>
	<object>
		<name>impression</name>
		<pose>Unspecified</pose>
		<truncated>Unspecified</truncated>
		<difficult>Unspecified</difficult>
		<bndbox>
			<xmin>3301</xmin>
			<ymin>1088</ymin>
			<xmax>4025</xmax>
			<ymax>1562</ymax>
		</bndbox>
	</object>
	<object>
		<name>dolphin</name>
		<pose>Unspecified</pose>
		<truncated>Unspecified</truncated>
		<difficult>Unspecified</difficult>
		<bndbox>
			<xmin>0</xmin>
			<ymin>0</ymin>
			<xmax>4160</xmax>
			<ymax>3120</ymax>
		</bndbox>
	</object>
</annotation>