<annotation>
	<folder>my-project-name</folder>
	<filename>C-2020-009-3299.jpg</filename>
	<path>/my-project-name/C-2020-009-3299.jpg</path>
	<source>
		<database>Unspecified</database>
	</source>
	<size>
		<width>4032</width>
		<height>3024</height>
		<depth>3</depth>
	</size>
	<object>
		<name>fin_slice</name>
		<pose>Unspecified</pose>
		<truncated>Unspecified</truncated>
		<difficult>Unspecified</difficult>
		<bndbox>
			<xmin>660</xmin>
			<ymin>955</ymin>
			<xmax>2145</xmax>
			<ymax>1227</ymax>
		</bndbox>
	</object>
	<object>
		<name>dolphin</name>
		<pose>Unspecified</pose>
		<truncated>Unspecified</truncated>
		<difficult>Unspecified</difficult>
		<bndbox>
			<xmin>2</xmin>
			<ymin>470</ymin>
			<xmax>2475</xmax>
			<ymax>2341</ymax>
		</bndbox>
	</object>
</annotation>