<annotation>
	<folder>my-project-name</folder>
	<filename>C-2020-005-3473.jpeg</filename>
	<path>/my-project-name/C-2020-005-3473.jpeg</path>
	<source>
		<database>Unspecified</database>
	</source>
	<size>
		<width>2448</width>
		<height>3264</height>
		<depth>3</depth>
	</size>
	<object>
		<name>fin_slice</name>
		<pose>Unspecified</pose>
		<truncated>Unspecified</truncated>
		<difficult>Unspecified</difficult>
		<bndbox>
			<xmin>1486</xmin>
			<ymin>2415</ymin>
			<xmax>1827</xmax>
			<ymax>2935</ymax>
		</bndbox>
	</object>
	<object>
		<name>impression</name>
		<pose>Unspecified</pose>
		<truncated>Unspecified</truncated>
		<difficult>Unspecified</difficult>
		<bndbox>
			<xmin>332</xmin>
			<ymin>1844</ymin>
			<xmax>506</xmax>
			<ymax>2035</ymax>
		</bndbox>
	</object>
	<object>
		<name>impression</name>
		<pose>Unspecified</pose>
		<truncated>Unspecified</truncated>
		<difficult>Unspecified</difficult>
		<bndbox>
			<xmin>538</xmin>
			<ymin>1329</ymin>
			<xmax>633</xmax>
			<ymax>1424</ymax>
		</bndbox>
	</object>
	<object>
		<name>dolphin</name>
		<pose>Unspecified</pose>
		<truncated>Unspecified</truncated>
		<difficult>Unspecified</difficult>
		<bndbox>
			<xmin>0</xmin>
			<ymin>91</ymin>
			<xmax>1938</xmax>
			<ymax>3264</ymax>
		</bndbox>
	</object>
</annotation>