<annotation>
	<folder>my-project-name</folder>
	<filename>C-2020-005-3460.jpeg</filename>
	<path>/my-project-name/C-2020-005-3460.jpeg</path>
	<source>
		<database>Unspecified</database>
	</source>
	<size>
		<width>2448</width>
		<height>3264</height>
		<depth>3</depth>
	</size>
	<object>
		<name>fin_slice</name>
		<pose>Unspecified</pose>
		<truncated>Unspecified</truncated>
		<difficult>Unspecified</difficult>
		<bndbox>
			<xmin>625</xmin>
			<ymin>1852</ymin>
			<xmax>839</xmax>
			<ymax>2086</ymax>
		</bndbox>
	</object>
	<object>
		<name>dolphin</name>
		<pose>Unspecified</pose>
		<truncated>Unspecified</truncated>
		<difficult>Unspecified</difficult>
		<bndbox>
			<xmin>280</xmin>
			<ymin>270</ymin>
			<xmax>2448</xmax>
			<ymax>3165</ymax>
		</bndbox>
	</object>
</annotation>