<annotation>
	<folder>my-project-name</folder>
	<filename>C-2020-005-3455.jpg</filename>
	<path>/my-project-name/C-2020-005-3455.jpg</path>
	<source>
		<database>Unspecified</database>
	</source>
	<size>
		<width>2448</width>
		<height>3264</height>
		<depth>3</depth>
	</size>
	<object>
		<name>impression</name>
		<pose>Unspecified</pose>
		<truncated>Unspecified</truncated>
		<difficult>Unspecified</difficult>
		<bndbox>
			<xmin>899</xmin>
			<ymin>1325</ymin>
			<xmax>1577</xmax>
			<ymax>1876</ymax>
		</bndbox>
	</object>
</annotation>