<annotation>
	<folder>my-project-name</folder>
	<filename>C-2020-005-3459.jpg</filename>
	<path>/my-project-name/C-2020-005-3459.jpg</path>
	<source>
		<database>Unspecified</database>
	</source>
	<size>
		<width>3264</width>
		<height>2448</height>
		<depth>3</depth>
	</size>
	<object>
		<name>fin_slice</name>
		<pose>Unspecified</pose>
		<truncated>Unspecified</truncated>
		<difficult>Unspecified</difficult>
		<bndbox>
			<xmin>1617</xmin>
			<ymin>1309</ymin>
			<xmax>1858</xmax>
			<ymax>1523</ymax>
		</bndbox>
	</object>
	<object>
		<name>dolphin</name>
		<pose>Unspecified</pose>
		<truncated>Unspecified</truncated>
		<difficult>Unspecified</difficult>
		<bndbox>
			<xmin>0</xmin>
			<ymin>0</ymin>
			<xmax>3146</xmax>
			<ymax>2043</ymax>
		</bndbox>
	</object>
</annotation>