<annotation>
	<folder>my-project-name</folder>
	<filename>C-2020-005-3475.jpeg</filename>
	<path>/my-project-name/C-2020-005-3475.jpeg</path>
	<source>
		<database>Unspecified</database>
	</source>
	<size>
		<width>2448</width>
		<height>3264</height>
		<depth>3</depth>
	</size>
	<object>
		<name>impression</name>
		<pose>Unspecified</pose>
		<truncated>Unspecified</truncated>
		<difficult>Unspecified</difficult>
		<bndbox>
			<xmin>1061</xmin>
			<ymin>1158</ymin>
			<xmax>1268</xmax>
			<ymax>1392</ymax>
		</bndbox>
	</object>
	<object>
		<name>impression</name>
		<pose>Unspecified</pose>
		<truncated>Unspecified</truncated>
		<difficult>Unspecified</difficult>
		<bndbox>
			<xmin>1093</xmin>
			<ymin>2086</ymin>
			<xmax>1196</xmax>
			<ymax>2185</ymax>
		</bndbox>
	</object>
	<object>
		<name>impression</name>
		<pose>Unspecified</pose>
		<truncated>Unspecified</truncated>
		<difficult>Unspecified</difficult>
		<bndbox>
			<xmin>1172</xmin>
			<ymin>2550</ymin>
			<xmax>1276</xmax>
			<ymax>2633</ymax>
		</bndbox>
	</object>
	<object>
		<name>impression</name>
		<pose>Unspecified</pose>
		<truncated>Unspecified</truncated>
		<difficult>Unspecified</difficult>
		<bndbox>
			<xmin>1069</xmin>
			<ymin>520</ymin>
			<xmax>1256</xmax>
			<ymax>635</ymax>
		</bndbox>
	</object>
	<object>
		<name>dolphin</name>
		<pose>Unspecified</pose>
		<truncated>Unspecified</truncated>
		<difficult>Unspecified</difficult>
		<bndbox>
			<xmin>268</xmin>
			<ymin>0</ymin>
			<xmax>2442</xmax>
			<ymax>3256</ymax>
		</bndbox>
	</object>
</annotation>