<annotation>
	<folder>my-project-name</folder>
	<filename>C-2020-002-2933.jpg</filename>
	<path>/my-project-name/C-2020-002-2933.jpg</path>
	<source>
		<database>Unspecified</database>
	</source>
	<size>
		<width>4160</width>
		<height>3120</height>
		<depth>3</depth>
	</size>
	<object>
		<name>dolphin</name>
		<pose>Unspecified</pose>
		<truncated>Unspecified</truncated>
		<difficult>Unspecified</difficult>
		<bndbox>
			<xmin>6</xmin>
			<ymin>0</ymin>
			<xmax>4160</xmax>
			<ymax>2157</ymax>
		</bndbox>
	</object>
	<object>
		<name>fin_slice</name>
		<pose>Unspecified</pose>
		<truncated>Unspecified</truncated>
		<difficult>Unspecified</difficult>
		<bndbox>
			<xmin>2755</xmin>
			<ymin>1558</ymin>
			<xmax>3915</xmax>
			<ymax>2085</ymax>
		</bndbox>
	</object>
</annotation>