<annotation>
	<folder>my-project-name</folder>
	<filename>C-2020-005-3463.jpg</filename>
	<path>/my-project-name/C-2020-005-3463.jpg</path>
	<source>
		<database>Unspecified</database>
	</source>
	<size>
		<width>3264</width>
		<height>2448</height>
		<depth>3</depth>
	</size>
	<object>
		<name>impression</name>
		<pose>Unspecified</pose>
		<truncated>Unspecified</truncated>
		<difficult>Unspecified</difficult>
		<bndbox>
			<xmin>1531</xmin>
			<ymin>1231</ymin>
			<xmax>2385</xmax>
			<ymax>1463</ymax>
		</bndbox>
	</object>
	<object>
		<name>impression</name>
		<pose>Unspecified</pose>
		<truncated>Unspecified</truncated>
		<difficult>Unspecified</difficult>
		<bndbox>
			<xmin>1944</xmin>
			<ymin>1109</ymin>
			<xmax>2156</xmax>
			<ymax>1202</ymax>
		</bndbox>
	</object>
	<object>
		<name>impression</name>
		<pose>Unspecified</pose>
		<truncated>Unspecified</truncated>
		<difficult>Unspecified</difficult>
		<bndbox>
			<xmin>1638</xmin>
			<ymin>922</ymin>
			<xmax>1909</xmax>
			<ymax>1029</ymax>
		</bndbox>
	</object>
	<object>
		<name>dolphin</name>
		<pose>Unspecified</pose>
		<truncated>Unspecified</truncated>
		<difficult>Unspecified</difficult>
		<bndbox>
			<xmin>0</xmin>
			<ymin>327</ymin>
			<xmax>3264</xmax>
			<ymax>2448</ymax>
		</bndbox>
	</object>
</annotation>