<annotation>
	<folder>my-project-name</folder>
	<filename>C-2020-005-3477.jpeg</filename>
	<path>/my-project-name/C-2020-005-3477.jpeg</path>
	<source>
		<database>Unspecified</database>
	</source>
	<size>
		<width>3264</width>
		<height>2448</height>
		<depth>3</depth>
	</size>
	<object>
		<name>impression</name>
		<pose>Unspecified</pose>
		<truncated>Unspecified</truncated>
		<difficult>Unspecified</difficult>
		<bndbox>
			<xmin>936</xmin>
			<ymin>619</ymin>
			<xmax>1501</xmax>
			<ymax>892</ymax>
		</bndbox>
	</object>
	<object>
		<name>impression</name>
		<pose>Unspecified</pose>
		<truncated>Unspecified</truncated>
		<difficult>Unspecified</difficult>
		<bndbox>
			<xmin>788</xmin>
			<ymin>858</ymin>
			<xmax>1550</xmax>
			<ymax>1124</ymax>
		</bndbox>
	</object>
	<object>
		<name>dolphin</name>
		<pose>Unspecified</pose>
		<truncated>Unspecified</truncated>
		<difficult>Unspecified</difficult>
		<bndbox>
			<xmin>2</xmin>
			<ymin>45</ymin>
			<xmax>3264</xmax>
			<ymax>2442</ymax>
		</bndbox>
	</object>
</annotation>