<annotation>
	<folder>my-project-name</folder>
	<filename>C-2020-005-3462.jpg</filename>
	<path>/my-project-name/C-2020-005-3462.jpg</path>
	<source>
		<database>Unspecified</database>
	</source>
	<size>
		<width>3264</width>
		<height>2448</height>
		<depth>3</depth>
	</size>
	<object>
		<name>impression</name>
		<pose>Unspecified</pose>
		<truncated>Unspecified</truncated>
		<difficult>Unspecified</difficult>
		<bndbox>
			<xmin>1082</xmin>
			<ymin>794</ymin>
			<xmax>1587</xmax>
			<ymax>1104</ymax>
		</bndbox>
	</object>
	<object>
		<name>impression</name>
		<pose>Unspecified</pose>
		<truncated>Unspecified</truncated>
		<difficult>Unspecified</difficult>
		<bndbox>
			<xmin>888</xmin>
			<ymin>952</ymin>
			<xmax>1421</xmax>
			<ymax>1225</ymax>
		</bndbox>
	</object>
	<object>
		<name>dolphin</name>
		<pose>Unspecified</pose>
		<truncated>Unspecified</truncated>
		<difficult>Unspecified</difficult>
		<bndbox>
			<xmin>0</xmin>
			<ymin>351</ymin>
			<xmax>3256</xmax>
			<ymax>2442</ymax>
		</bndbox>
	</object>
</annotation>