<annotation>
	<folder>my-project-name</folder>
	<filename>C-2020-005-3469.jpg</filename>
	<path>/my-project-name/C-2020-005-3469.jpg</path>
	<source>
		<database>Unspecified</database>
	</source>
	<size>
		<width>2448</width>
		<height>3264</height>
		<depth>3</depth>
	</size>
	<object>
		<name>fin_slice</name>
		<pose>Unspecified</pose>
		<truncated>Unspecified</truncated>
		<difficult>Unspecified</difficult>
		<bndbox>
			<xmin>1188</xmin>
			<ymin>151</ymin>
			<xmax>1339</xmax>
			<ymax>595</ymax>
		</bndbox>
	</object>
	<object>
		<name>impression</name>
		<pose>Unspecified</pose>
		<truncated>Unspecified</truncated>
		<difficult>Unspecified</difficult>
		<bndbox>
			<xmin>1494</xmin>
			<ymin>619</ymin>
			<xmax>1748</xmax>
			<ymax>805</ymax>
		</bndbox>
	</object>
	<object>
		<name>dolphin</name>
		<pose>Unspecified</pose>
		<truncated>Unspecified</truncated>
		<difficult>Unspecified</difficult>
		<bndbox>
			<xmin>0</xmin>
			<ymin>0</ymin>
			<xmax>2077</xmax>
			<ymax>3260</ymax>
		</bndbox>
	</object>
</annotation>