<annotation>
	<folder>my-project-name</folder>
	<filename>C-2020-005-3474.jpg</filename>
	<path>/my-project-name/C-2020-005-3474.jpg</path>
	<source>
		<database>Unspecified</database>
	</source>
	<size>
		<width>2448</width>
		<height>3264</height>
		<depth>3</depth>
	</size>
	<object>
		<name>impression</name>
		<pose>Unspecified</pose>
		<truncated>Unspecified</truncated>
		<difficult>Unspecified</difficult>
		<bndbox>
			<xmin>712</xmin>
			<ymin>436</ymin>
			<xmax>780</xmax>
			<ymax>492</ymax>
		</bndbox>
	</object>
	<object>
		<name>impression</name>
		<pose>Unspecified</pose>
		<truncated>Unspecified</truncated>
		<difficult>Unspecified</difficult>
		<bndbox>
			<xmin>582</xmin>
			<ymin>103</ymin>
			<xmax>649</xmax>
			<ymax>167</ymax>
		</bndbox>
	</object>
	<object>
		<name>dolphin</name>
		<pose>Unspecified</pose>
		<truncated>Unspecified</truncated>
		<difficult>Unspecified</difficult>
		<bndbox>
			<xmin>102</xmin>
			<ymin>0</ymin>
			<xmax>1930</xmax>
			<ymax>2856</ymax>
		</bndbox>
	</object>
</annotation>