,train_loss,lr,train_loss_classifier,train_loss_box_reg,train_loss_objectness,train_loss_rpn_box_reg,val_loss,val_loss_classifier,val_loss_box_reg,val_loss_objectness,val_loss_rpn_box_reg
0,0.6194385290145874,0.0009999999999999998,0.19543993473052979,0.3216281235218048,0.014509646221995354,0.08786088973283768,1.1424907120791348,0.35239406065507367,0.749897921627218,0.00958250403213738,0.030616210604255848
1,0.8307217955589294,0.0009999999999999998,0.23911936581134796,0.5635204911231995,0.004283326677978039,0.023798620328307152,0.8339211561463096,0.30126321586695587,0.49704245545647363,0.008727234841155057,0.026888245293362575
2,0.634062647819519,0.0009999999999999998,0.19911248981952667,0.4200425148010254,0.0020174067467451096,0.012890251353383064,0.7337759922851216,0.27256256477399304,0.43045416474342346,0.005460555987982926,0.025298708287829704
3,0.8620845079421997,0.0009999999999999998,0.2312304675579071,0.6183409094810486,0.0009793988429009914,0.011533756740391254,0.8027894063429399,0.266936949708245,0.50786231322722,0.0041660287269306455,0.023824108510532162
4,0.3801422119140625,0.0009999999999999998,0.14285248517990112,0.2199140191078186,0.003737557679414749,0.013638142496347427,0.625869566744024,0.22587193142284046,0.3714766800403595,0.005504309242083268,0.023016634143211624
5,0.5719648599624634,0.0009999999999999998,0.18994200229644775,0.3406924605369568,0.0036142440512776375,0.03771616891026497,0.6519366882064126,0.23939889804883438,0.3816658542914824,0.004474587548016148,0.02639734410596165
6,0.7737597227096558,0.0009999999999999998,0.12349379807710648,0.6140362024307251,0.0012944303452968597,0.03493530675768852,0.6848501129583879,0.24017329243096439,0.4142205390063199,0.003460033712061969,0.02699625767259435
7,0.3942546546459198,0.0009999999999999998,0.12812581658363342,0.25316983461380005,0.0006015156395733356,0.012357471510767937,0.6525360427119515,0.23864294994961133,0.3875474008646878,0.0039466235797259615,0.022399069656702606
8,0.5709574818611145,0.0009999999999999998,0.22967511415481567,0.3248289227485657,0.0036139239091426134,0.012839477509260178,0.6906475099650297,0.24040914259173654,0.42397418889132416,0.004370430325665934,0.021893748209219088
9,0.7313204407691956,0.0009999999999999998,0.24049848318099976,0.47961288690567017,0.00031791947549209,0.010891133919358253,0.6896822371266105,0.24699802154844458,0.41750516403805127,0.0035254884807562285,0.021653565493496982
10,0.30414003133773804,0.0009999999999999998,0.09072480350732803,0.19370000064373016,0.0008325624512508512,0.018882663920521736,0.6123105233365839,0.22590749913995917,0.36244322901422327,0.0030822700990194626,0.020877515389160675
11,0.501865029335022,0.0009999999999999998,0.18271291255950928,0.2866651713848114,0.024280961602926254,0.008206002414226532,0.5824200809001923,0.2008857009085742,0.35712970251386816,0.003327964730984108,0.02107669768685644
12,0.4923740029335022,0.0009999999999999998,0.18278606235980988,0.29670581221580505,0.005302532576024532,0.007579609751701355,0.5979596457698129,0.21397196433760904,0.35927713323723187,0.003008016041183675,0.021702541715719482
13,0.434429794549942,0.0009999999999999998,0.14130152761936188,0.2873002588748932,0.0007270360365509987,0.005100975278764963,0.6261182237755168,0.21606806191531094,0.3829111538150094,0.004486468472433361,0.022652534683319656
14,0.3575252890586853,0.0009999999999999998,0.13390566408634186,0.20592361688613892,0.0008433954790234566,0.016852619126439095,0.557650780135935,0.19852965731512418,0.33250204541466455,0.005557253501716663,0.021061815321445465
15,0.32095324993133545,0.0009999999999999998,0.10011939704418182,0.16832657158374786,0.004066407680511475,0.048440877348184586,0.5479486774314534,0.20014590973203833,0.3234424279494719,0.003248299911237237,0.02111204925247214
16,0.3332187831401825,0.0009999999999999998,0.15908017754554749,0.1698613464832306,0.0007889890111982822,0.003488281276077032,0.5590630905194716,0.20576637441461737,0.32924282821741974,0.0024703715250573373,0.02158352161164988
17,0.5960879325866699,0.0009999999999999998,0.18863636255264282,0.39142781496047974,0.0004300071159377694,0.015593758784234524,0.6087147512219169,0.2117657099257816,0.37034582143480127,0.0038805066724307835,0.02272271119396795
18,0.380485475063324,0.0009999999999999998,0.08678382635116577,0.2677810490131378,0.0011445076670497656,0.024776112288236618,0.5511220558123155,0.20250235972079364,0.3243990662423047,0.0030267089816995644,0.021193917756053535
19,0.24529539048671722,0.0009999999999999998,0.08706105500459671,0.14326679706573486,0.0006974574644118547,0.014270087704062462,0.5502835051579908,0.18099672008644452,0.3439377478577874,0.004426712630612945,0.020922312343662434
20,0.376257061958313,0.0009999999999999998,0.10313992202281952,0.2546328008174896,0.000668473425321281,0.017815887928009033,0.547366819598458,0.19305144385858017,0.33095971562645654,0.0018040260024876757,0.021551641000604086
21,0.29981571435928345,0.0009999999999999998,0.145952969789505,0.14922669529914856,0.0006344597786664963,0.004001599736511707,0.5166625570167195,0.18074560300870376,0.3119013729420575,0.0037578593897209926,0.020257718310776083
22,0.35008400678634644,0.0009999999999999998,0.11036615073680878,0.21809233725070953,0.0020902545657008886,0.019535275176167488,0.5328438444571062,0.18098348717797885,0.326335148377852,0.003881923790851777,0.021643278189003468
23,0.38454434275627136,0.0009999999999999998,0.1220562756061554,0.24872098863124847,0.0024329484440386295,0.01133415475487709,0.5119038874452765,0.18415685472163287,0.3044605634429238,0.0022685762219638987,0.02101786904544993
24,0.23876692354679108,0.0009999999999999998,0.07948644459247589,0.14006733894348145,0.000942058046348393,0.01827109232544899,0.5190835947340185,0.1740186641162092,0.32161021435802634,0.002282316717107526,0.02117240826853297
25,0.20872528851032257,0.0009999999999999998,0.04566362500190735,0.15972359478473663,0.0008970969938673079,0.0024409745819866657,0.5420688634568994,0.18005547672510147,0.338220242749561,0.0029892156810753727,0.020803926258601925
26,0.2260487973690033,0.0009999999999999998,0.09493895620107651,0.11258772015571594,0.001457798876799643,0.01706431433558464,0.5254794521765276,0.1768780215220018,0.3250356303019957,0.0033416777256537566,0.020224107852713627
27,0.4349970817565918,0.0009999999999999998,0.15830834209918976,0.26213231682777405,0.005127164535224438,0.009429233148694038,0.5573265579613772,0.20570241863077338,0.33044450797817926,0.0018200220762413335,0.01935959962958639
28,0.3029223680496216,0.0009999999999999998,0.07628032565116882,0.20623779296875,0.0005575237446464598,0.01984674297273159,0.5239974504167383,0.1794632009484551,0.3228759454055266,0.0017918155036485668,0.019866481254046612
29,0.3439677357673645,0.0009999999999999998,0.17252680659294128,0.15244229137897491,0.0006374693475663662,0.01836114004254341,0.5193210975690321,0.18092120574279266,0.31522453102198517,0.0023157533459280703,0.0208595958115025
30,0.29329970479011536,0.0009999999999999998,0.10059796273708344,0.18144646286964417,0.0022215459030121565,0.009033747017383575,0.4889496930620887,0.1750798442146995,0.2906849512999708,0.0016617173069707033,0.021523181433704765
31,0.29870566725730896,0.0009999999999999998,0.13443449139595032,0.14758269488811493,0.002727815881371498,0.013960691168904305,0.5285909311337904,0.1727969294244593,0.33383155140009796,0.002719254508106546,0.01924319573762742
32,0.33687031269073486,0.0009999999999999998,0.1355155110359192,0.18980583548545837,0.0005859329830855131,0.010963022708892822,0.5459316535429521,0.19922872429544275,0.32630731842734595,0.0015717629893598232,0.01882384107871489
33,0.24993528425693512,0.0009999999999999998,0.10412754863500595,0.13254554569721222,0.0006252012681216002,0.01263699121773243,0.5090726613998413,0.1938022795048627,0.291824760762128,0.0019904843859628522,0.021455131640488453
34,0.24340300261974335,0.0009999999999999998,0.09847412258386612,0.12905824184417725,0.0014417098136618733,0.014428923837840557,0.5504661879756234,0.2050854035399177,0.32364028692245483,0.002211739872688089,0.019528753886168652
35,0.19875703752040863,0.0009999999999999998,0.09784819185733795,0.09699252247810364,0.0006004620809108019,0.0033158601727336645,0.5236278379505331,0.17800151963125577,0.32080974903973664,0.0027257363042074508,0.022090830586173317
36,0.2945033609867096,0.0009999999999999998,0.11664281785488129,0.17186196148395538,0.00441152136772871,0.0015870488714426756,0.5428299605846405,0.19326260922984642,0.32603391056711023,0.003018148338676176,0.0205152900042859
37,0.21110934019088745,0.0009999999999999998,0.07537142187356949,0.12293998152017593,0.007866889238357544,0.004931050352752209,0.5176608725027605,0.1736174070022323,0.32158049128272315,0.002353706730487333,0.020109285092489285
38,0.20051518082618713,0.0009999999999999998,0.07535956799983978,0.10964739322662354,0.0006908042123541236,0.014817415736615658,0.5416258194229819,0.19555121118372137,0.3240438442338597,0.002384230692934414,0.019646531902253628
39,0.26070988178253174,0.0009999999999999998,0.12726740539073944,0.11584077775478363,0.0005239552119746804,0.017077742144465446,0.559930907054381,0.19344212859869003,0.3437772650610317,0.0019619359994645824,0.02074958561834964
40,0.18013162910938263,0.0009999999999999998,0.04430410638451576,0.11833225190639496,0.0004884079098701477,0.01700686290860176,0.5317523262717507,0.18390929631211542,0.3261335370215503,0.0021006342536896805,0.019608850125223398
41,0.25070255994796753,0.0009999999999999998,0.09600549936294556,0.13356851041316986,0.0004960816004313529,0.02063247188925743,0.5304542698643424,0.18289091708985242,0.3260386125607924,0.001885729577307674,0.019639012149789116
42,0.22791408002376556,0.0004999999999999999,0.03697379305958748,0.17254067957401276,0.0010419515892863274,0.017357658594846725,0.4989136051047932,0.18255482546307825,0.2957990779118104,0.002140935473355719,0.018418767828155647
43,0.1428241729736328,0.0004999999999999999,0.07195605337619781,0.06585667282342911,0.0005136664840392768,0.004497763700783253,0.5281195478005842,0.20217129520394586,0.30547896975820715,0.002135392532429912,0.018333909440446983
44,0.25652939081192017,0.0004999999999999999,0.1256706565618515,0.12575982511043549,0.00027167575899511576,0.004827235825359821,0.5232660336927935,0.19143862615932117,0.31058096614750946,0.002056305365509946,0.019190136597237804
45,0.11963102221488953,0.0004999999999999999,0.06602469086647034,0.044382937252521515,0.0011744614457711577,0.008048931136727333,0.5373338596387343,0.1978834183378653,0.3190676651217721,0.0018596520213494923,0.018523114267736673
46,0.18714639544487,0.0004999999999999999,0.07327650487422943,0.1002131924033165,0.0003334669745527208,0.013323236256837845,0.49689592014659534,0.18066446618600326,0.29479583420536737,0.002041466301307082,0.01939414598217065
47,0.159257173538208,0.0004999999999999999,0.04842089116573334,0.08810921758413315,0.005553118884563446,0.017173953354358673,0.5424337603829124,0.19113162837245248,0.3314251506870443,0.0014387984437317673,0.018438193820078264
48,0.11979430913925171,0.0004999999999999999,0.05401959642767906,0.05021873489022255,0.00033278606133535504,0.015223192051053047,0.5247078077359633,0.19322396340695294,0.3112287602641366,0.0016128188343083655,0.018642251379787922
49,0.20492993295192719,0.0004999999999999999,0.09045138210058212,0.1095118522644043,0.0007655172375962138,0.004201177973300219,0.5343247990716588,0.18382663279771805,0.3303365395827727,0.0016146735076538541,0.018546941055154257
50,0.12889821827411652,0.0004999999999999999,0.059164613485336304,0.05632513761520386,0.00030299904756247997,0.013105467893183231,0.5429996712641283,0.21171305938200516,0.30966161733323877,0.0015680755525615743,0.020056929608637638
51,0.18432298302650452,0.0004999999999999999,0.07497937977313995,0.10201459378004074,0.0009648787090554833,0.00636413786560297,0.5488950691439889,0.2015939639373259,0.3255189779129895,0.002614896882071414,0.01916722703555768
52,0.21406280994415283,0.0004999999999999999,0.07343722879886627,0.13059644401073456,0.0013967291451990604,0.008632399141788483,0.5333395762877031,0.18288278478113087,0.3285347047177228,0.001847005245508626,0.020075074227696114
53,0.17596372961997986,0.00024999999999999995,0.09889673441648483,0.06030482053756714,0.00047502503730356693,0.016287151724100113,0.5278000316836617,0.19459585269743745,0.31258442862467334,0.001565730350028554,0.019054026427594097
54,0.18315011262893677,0.00024999999999999995,0.0601089708507061,0.11014367640018463,0.0026406417600810528,0.010256828740239143,0.5297129398042505,0.19501975635913285,0.31251425363800744,0.0022693016931456937,0.019909620962359688
55,0.08985672891139984,0.00024999999999999995,0.04050818085670471,0.043752942234277725,0.00036021892447024584,0.005235390737652779,0.5217761505733837,0.18444497883319855,0.316124978390607,0.002229285984702239,0.01897690682248636
56,0.14014476537704468,0.00024999999999999995,0.07542958855628967,0.04723985865712166,0.000819444889202714,0.016655871644616127,0.5175255225463347,0.1849745556034825,0.31196526370265265,0.00166402671972967,0.018921666270629925
57,0.15587118268013,0.00024999999999999995,0.043480150401592255,0.09812051802873611,0.0005803478416055441,0.013690171763300896,0.49785918403755536,0.17057388377460567,0.3073269860310988,0.0010832418576517905,0.01887507194822485
58,0.16422876715660095,0.00024999999999999995,0.09806567430496216,0.054776880890131,0.0007614002097398043,0.010624818503856659,0.5195641978220507,0.18053360689770093,0.3175950849598104,0.0020284153499894523,0.01940709703855894
59,0.11075223982334137,0.00024999999999999995,0.03068479709327221,0.07671909034252167,0.0004772900720126927,0.00287105911411345,0.5042263540354642,0.16912175545638258,0.31465677510608325,0.0017367445503954184,0.018711079166016796
60,0.08225121349096298,0.00024999999999999995,0.0324384868144989,0.03494057059288025,0.000291499454760924,0.014580659568309784,0.5257428843866695,0.19391990520737387,0.3108057230710983,0.0018373296850106933,0.01917992913248864
61,0.08301932364702225,0.00024999999999999995,0.027207717299461365,0.045569077134132385,0.0004149649175815284,0.009827563539147377,0.5181037946180864,0.17803856832059947,0.3194330795244737,0.0013764265511946921,0.019255723465572704
62,0.1727355420589447,0.00024999999999999995,0.11469396203756332,0.056137051433324814,0.0004326596681494266,0.0014718822203576565,0.5298482735048641,0.19765452363274313,0.31079832396724005,0.001983138904589313,0.019412277181717483
63,0.11414872109889984,0.00024999999999999995,0.05124373733997345,0.04996611550450325,0.0005910719046369195,0.01234780065715313,0.5372887389226393,0.1817097081379457,0.3348590257492932,0.0014346862894440578,0.019285320812328297
64,0.10337135940790176,0.00012499999999999998,0.0403316505253315,0.057955797761678696,0.0002101901627611369,0.0048737237229943275,0.5175023011185906,0.17164874483238568,0.3242865949869156,0.0019299609094477173,0.01963699981570244
65,0.10251710563898087,0.00012499999999999998,0.048205237835645676,0.05275643989443779,0.0002973774098791182,0.0012580506736412644,0.5116967721418901,0.16959148069674318,0.32157748260281305,0.0010648377223829316,0.019462961618873207
66,0.1061692163348198,0.00012499999999999998,0.05535737797617912,0.04475018382072449,0.00015898743004072458,0.005902664270251989,0.5125761682336981,0.17068276859142564,0.3211969204924323,0.0016913928054484793,0.01900509037924084
67,0.14286915957927704,0.00012499999999999998,0.08340762555599213,0.052768487483263016,0.00021256576292216778,0.00648049172013998,0.5064378015019677,0.1723403845998374,0.3135637112639167,0.0012713657766157253,0.019262329336594452
68,0.08932702243328094,0.00012499999999999998,0.03321441635489464,0.04051011800765991,0.000285765272565186,0.015316715463995934,0.5197013128887523,0.1789504482664845,0.3204410672187805,0.0016210010150891983,0.018688783726908943
69,0.1693851798772812,0.00012499999999999998,0.09696625918149948,0.06759939342737198,0.001031306921504438,0.0037882192991673946,0.5174858841029081,0.18042250417850234,0.3162510943683711,0.0016369544874495741,0.01917532899162986
70,0.09194013476371765,0.00012499999999999998,0.02873900718986988,0.05135543271899223,0.00026024566614069045,0.01158544234931469,0.5155143724246458,0.18266440657052127,0.3128806325522336,0.0012203370755411345,0.01874899821863933
71,0.11178950220346451,0.00012499999999999998,0.06554891914129257,0.03596540912985802,0.0003740976098924875,0.0099010756239295,0.5286066654053602,0.18916292691772635,0.31847102533687244,0.0019568378682544626,0.019015863199125637
72,0.13801053166389465,0.00012499999999999998,0.029058588668704033,0.09150069952011108,0.0003322106203995645,0.017119023948907852,0.5248080166903409,0.17793316766619682,0.32527749646793713,0.002423651762497188,0.01917370061644099
73,0.14297929406166077,0.00012499999999999998,0.0584288090467453,0.0795150101184845,0.00015239401545841247,0.004883074201643467,0.5275695418769663,0.18318922512910582,0.3238233111121438,0.0015889611187793146,0.018968034027652306
74,0.15142031013965607,0.00012499999999999998,0.04569597169756889,0.09472150355577469,0.00015691088628955185,0.01084592379629612,0.5230963392691179,0.17859669639305634,0.3233864226124503,0.0018605927232949232,0.019252630035308273
75,0.0986962541937828,6.249999999999999e-05,0.042431797832250595,0.04928312450647354,0.004830171354115009,0.0021511618979275227,0.5219054316932504,0.18790284205566754,0.31350791589780286,0.001567013360644606,0.018927665511992844
76,0.06285901367664337,6.249999999999999e-05,0.011175382882356644,0.0344202034175396,0.00031364275491796434,0.016949782148003578,0.5220172662626613,0.1830759427764199,0.31801065328446304,0.0017492831843397157,0.01918139037760821
77,0.08652762323617935,6.249999999999999e-05,0.012933407910168171,0.06348909437656403,0.00020483502885326743,0.009900285862386227,0.5186562958088788,0.17918706719170918,0.3186242350123145,0.0017958608924263071,0.019049143291671167
78,0.15401190519332886,6.249999999999999e-05,0.08216632157564163,0.06408374011516571,0.00020275107817724347,0.007559098303318024,0.518897377631881,0.17713574489409273,0.3212702816182917,0.0016601255814417857,0.018831225027414886
79,0.08491697907447815,6.249999999999999e-05,0.025683198124170303,0.04478541389107704,0.0002700595068745315,0.014178304933011532,0.5177500925280831,0.17147871818054805,0.32539984448389575,0.0015351832738484848,0.019336342769251627
80,0.11564784497022629,6.249999999999999e-05,0.04934508353471756,0.051547132432460785,0.00028400588780641556,0.014471622183918953,0.5267790461128409,0.17969274046746167,0.3257806355302984,0.00211701111799233,0.019188649698414585
81,0.06793376058340073,6.249999999999999e-05,0.01482380460947752,0.051062364131212234,0.00015791261103004217,0.0018896771362051368,0.520453920418566,0.17844252186742696,0.3208765238523483,0.0021957352662205017,0.018939145671373062
82,0.05151478201150894,6.249999999999999e-05,0.02560507506132126,0.022937124595046043,0.00018989680393133312,0.0027826856821775436,0.5273365527391434,0.18362672220576892,0.3224624341184443,0.0019859465696340935,0.019261443479494614
83,0.2557401955127716,6.249999999999999e-05,0.12611201405525208,0.12822674214839935,0.00015618960605934262,0.0012452562805265188,0.5200792280110446,0.17905343053015796,0.32116433707150543,0.0010381247610150074,0.01882333452389999
84,0.142710879445076,6.249999999999999e-05,0.0586918443441391,0.07608513534069061,0.0009914865950122476,0.006942403502762318,0.5035119286992333,0.1654295582662929,0.3180658729238944,0.0008364048024470156,0.019180089827965607
85,0.2978079915046692,6.249999999999999e-05,0.12586526572704315,0.16630829870700836,0.001503222156316042,0.004131210036575794,0.5066054382107474,0.17133238166570663,0.3144212385470217,0.0018929239145522429,0.018958896737207066
86,0.10164210200309753,3.1249999999999994e-05,0.03690573573112488,0.05624847859144211,0.0016560116782784462,0.006831873208284378,0.512353244152936,0.17120802707292818,0.31946640935811127,0.00244239506454588,0.019236419688571583
87,0.1440204530954361,3.1249999999999994e-05,0.07359571754932404,0.06078310310840607,0.0017608311027288437,0.007880800403654575,0.5214170786467466,0.18028974160552025,0.32040146399628033,0.001524518632901494,0.019201341085135937
88,0.10206875205039978,3.1249999999999994e-05,0.034351810812950134,0.045533686876297,0.0005503693246282637,0.02163289114832878,0.5108883773738687,0.16913211345672607,0.31990977173501794,0.0024021770064295692,0.019444333685731344
89,0.09909743815660477,3.1249999999999994e-05,0.04699818044900894,0.04441818594932556,0.00016641919501125813,0.007514653727412224,0.5204794772646644,0.1816920560191978,0.3173575753515417,0.0022544213385448197,0.019175406291403553
90,0.11720164120197296,3.1249999999999994e-05,0.06351194530725479,0.02719164453446865,0.0013041156344115734,0.02519393339753151,0.5140519345348532,0.16907901655543933,0.3236012973568656,0.0022617713415952908,0.01910984812473709
91,0.08961466699838638,3.1249999999999994e-05,0.038872748613357544,0.03920060396194458,0.0005752409342676401,0.010966068133711815,0.5258865586735986,0.18594019758430394,0.3192363394932313,0.0016629364108666778,0.019047090445052494
92,0.1295473873615265,3.1249999999999994e-05,0.08048751950263977,0.041581008583307266,0.0001764403423294425,0.007302430924028158,0.5218710465864702,0.18291570212353359,0.31908909705552185,0.0008094890985045243,0.019056752112440088
93,0.0917644128203392,3.1249999999999994e-05,0.02707068622112274,0.04526175186038017,0.00017864166875369847,0.019253326579928398,0.5240072133866224,0.18334138190204446,0.3194785592230884,0.0022264150095659056,0.018960857509889385
94,0.08241910487413406,3.1249999999999994e-05,0.031467046588659286,0.048519592732191086,0.0002521907154005021,0.0021802757401019335,0.5199667919765819,0.18140741166743365,0.31865308772433887,0.0007499775926011022,0.019156323703513903
95,0.12981759011745453,3.1249999999999994e-05,0.07058088481426239,0.0445290133357048,0.0003398719127289951,0.014367818832397461,0.524603167718107,0.1824645965614102,0.32145137136632745,0.0018167012167396024,0.018870494328439236
96,0.08795028924942017,3.1249999999999994e-05,0.04121192544698715,0.04340320825576782,0.0002441522083245218,0.0030910009518265724,0.5287442993034016,0.18263757635246625,0.32434339279478247,0.0025214211861814624,0.019241899929263374
97,0.1296032965183258,1.5624999999999997e-05,0.048297569155693054,0.06845726817846298,0.00022028408420737833,0.012628168798983097,0.5217968984083696,0.17782342806458473,0.32199742848222906,0.002700278300008821,0.01927576002410867
98,0.21283774077892303,1.5624999999999997e-05,0.019284581765532494,0.18465319275856018,0.0003784545115195215,0.008521515876054764,0.5178682817654177,0.17664565010504288,0.3208276548168876,0.0012391094404103403,0.019155856052582913
99,0.10070721060037613,1.5624999999999997e-05,0.03744512423872948,0.05186382308602333,0.0001446046808268875,0.011253653094172478,0.5219217931682413,0.18205939436500723,0.31884488734332,0.001764880101704462,0.019252629357982765
100,0.14235743880271912,1.5624999999999997e-05,0.0875505805015564,0.05049282684922218,0.00016484469233546406,0.004149183630943298,0.5109906183047728,0.170701439069076,0.31984795088117773,0.0012333452336447822,0.019207891246134586
101,0.0983787402510643,1.5624999999999997e-05,0.03882799297571182,0.05168139189481735,0.0001477521873312071,0.007721603848040104,0.522636741399765,0.18150790983980353,0.3207168782299215,0.0014283118838317353,0.018983640030703762
102,0.10149665921926498,1.5624999999999997e-05,0.055784545838832855,0.03754516318440437,0.0002226962969871238,0.007944248616695404,0.5166983861814846,0.17641133713451299,0.31968897445635364,0.0016608448455702853,0.018937235190109772
103,0.08252179622650146,1.5624999999999997e-05,0.028788166120648384,0.048334281891584396,0.00021068466594442725,0.005188656039535999,0.514793498949571,0.17537849430333485,0.31933439861644397,0.001031082366931845,0.019049533261832865
104,0.07697635889053345,1.5624999999999997e-05,0.014382711611688137,0.046298712491989136,0.00803536269813776,0.008259575814008713,0.5228352641517465,0.18207198635421015,0.32069446552883496,0.001151383595160124,0.01891741833903573
105,0.071189284324646,1.5624999999999997e-05,0.026057636365294456,0.042953599244356155,0.0006316557410173118,0.001546394545584917,0.5184533812782981,0.17759636586362665,0.3204285502433777,0.001226742857728492,0.019201720514419405
106,0.13128283619880676,1.5624999999999997e-05,0.06877869367599487,0.06017327308654785,0.0001458123733755201,0.0021850618068128824,0.523644126274369,0.1820239732888612,0.3214272314851934,0.0011004322361920706,0.0190925020724535
107,0.0912230983376503,1.5624999999999997e-05,0.056723710149526596,0.0306099783629179,0.00028244347777217627,0.003606966696679592,0.5219474976713007,0.17786721444942735,0.32342840324748645,0.0016972363466100599,0.01895463445477865
108,0.07418598234653473,7.812499999999998e-06,0.029180405661463737,0.03043988160789013,0.0002643651096150279,0.014301328919827938,0.5222324336116965,0.17945946888490158,0.32188897647640924,0.002034885554828427,0.018849100832912056
109,0.11977697163820267,7.812499999999998e-06,0.05666573345661163,0.055153895169496536,0.0002519358822610229,0.007705412805080414,0.5198377154090188,0.17648868161168965,0.32256119630553504,0.0018955891123782335,0.01889225628904321
110,0.08077444136142731,7.812499999999998e-06,0.033940356224775314,0.03488144278526306,0.0002714550355449319,0.011681187897920609,0.5227759317918257,0.18260840462012726,0.31991495327516034,0.0013033381652679634,0.018949247050014408
111,0.06523007154464722,7.812499999999998e-06,0.023801444098353386,0.036677855998277664,0.00021771379397250712,0.004533057101070881,0.5251977863636884,0.18435947224497795,0.32055476985194464,0.0013173031964635645,0.018966242078353058
112,0.08124890923500061,7.812499999999998e-06,0.01683325693011284,0.056268610060214996,0.0033248215913772583,0.00482222530990839,0.5232562192461707,0.18209445171735503,0.3207896270535209,0.0013932532906024294,0.018978876146403225
113,0.06743428111076355,7.812499999999998e-06,0.0230398066341877,0.025677429512143135,0.0002075614465866238,0.018509482964873314,0.5260008722543716,0.1827337694439021,0.3218185833909295,0.0023377328814769335,0.019110782706940718
114,0.06631768494844437,7.812499999999998e-06,0.029196836054325104,0.03202517703175545,0.001985364593565464,0.0031103063374757767,0.5223542194474827,0.18230868198654868,0.319632813334465,0.0013376667973881756,0.01907504773275419
115,0.13806197047233582,7.812499999999998e-06,0.042624179273843765,0.0825304463505745,0.0008618967840448022,0.012045444920659065,0.5231663259592924,0.18163678659634155,0.32063810662789777,0.0019770852522924542,0.01891434903849255
116,0.08132439106702805,7.812499999999998e-06,0.039926979690790176,0.03583205118775368,0.0001629315665923059,0.0054024276323616505,0.5262317765842784,0.18279187008738518,0.3222997324033217,0.0020969903985546393,0.01904318854212761
117,0.21729615330696106,7.812499999999998e-06,0.11120424419641495,0.07997953146696091,0.013387437909841537,0.012724937871098518,0.5270555601878599,0.18396393582224846,0.32149879905310547,0.002306578786705028,0.019286251965571533
118,0.13871388137340546,7.812499999999998e-06,0.07576369494199753,0.05538922920823097,0.0002017137303482741,0.007359233684837818,0.5279213068160143,0.18403719467195598,0.3230982165444981,0.0016937590222699907,0.01909213453869928
119,0.08000247925519943,3.906249999999999e-06,0.03961644321680069,0.03499874845147133,0.00016100017819553614,0.005226281005889177,0.5266982140866193,0.18402676622975955,0.32136001776565204,0.002377134123393758,0.01893430008468303
120,0.08693475276231766,3.906249999999999e-06,0.03060552105307579,0.04503713920712471,0.00018440450367052108,0.011107692494988441,0.5291365506974134,0.18606854026967828,0.32187762585553253,0.0021930036825572393,0.018997378393330357
121,0.05119624733924866,3.906249999999999e-06,0.015707390382885933,0.026922557502985,0.00021231934078969061,0.008353977464139462,0.5232580385424874,0.18299054117365318,0.31973880664868787,0.0015020350798625839,0.01902665782042525
122,0.09324096888303757,3.906249999999999e-06,0.047775693237781525,0.03476482257246971,0.00017385248793289065,0.010526602156460285,0.525712865320119,0.1830817207016728,0.3215053230524063,0.0019401418367951092,0.01918568783863024
123,0.11163650453090668,3.906249999999999e-06,0.05525607243180275,0.04011833295226097,0.00022488806280307472,0.01603720709681511,0.5248098942366514,0.1831138560717756,0.32083253833380615,0.0018410271679220552,0.019022483717311512
124,0.1381598263978958,3.906249999999999e-06,0.08977468311786652,0.04331187903881073,0.0005853674374520779,0.004487902857363224,0.5264194526455619,0.18459852412343025,0.3206014904108914,0.002262947729005563,0.01895649718459357
125,0.08177125453948975,3.906249999999999e-06,0.03426707163453102,0.03758195787668228,0.005082477815449238,0.004839737433940172,0.5247705280780792,0.1841940703717145,0.32031332633712073,0.0013725083077919078,0.018890629056841135
126,0.08028599619865417,3.906249999999999e-06,0.04267609864473343,0.034642767161130905,0.00035303866025060415,0.0026140925474464893,0.5272950800982389,0.18532533977519383,0.3213385289365595,0.0015862862598045137,0.019044927575371483
127,0.0570845864713192,3.906249999999999e-06,0.027730708941817284,0.02612164057791233,0.0002577493723947555,0.0029744890052825212,0.5301341536370191,0.1872132048010826,0.32153711129318585,0.002270602134310386,0.019113229037347166
128,0.06798486411571503,3.906249999999999e-06,0.02062888815999031,0.034854378551244736,0.0004091960145160556,0.012092402204871178,0.5285704935138876,0.18521762639284134,0.32127805054187775,0.0031279050454031676,0.018946908075701107
129,0.05157700926065445,3.906249999999999e-06,0.01197269931435585,0.023057766258716583,0.0002219165617134422,0.01632462814450264,0.5264506814154711,0.1844454516064037,0.32152132419022644,0.0017127303859028457,0.018771171823821285
130,0.11206459254026413,1.9531249999999996e-06,0.06480756402015686,0.04027707874774933,0.0001448641123715788,0.0068350909277796745,0.525415382601998,0.18394999002868478,0.3209219249812039,0.0015415402277457442,0.019001929809085348
131,0.09823038429021835,1.9531249999999996e-06,0.04870980232954025,0.04679882526397705,0.00035112572368234396,0.0023706364445388317,0.5249426121061499,0.18332394449548287,0.32117528400637885,0.0014190497882240875,0.019024346701123497
132,0.09507919102907181,1.9531249999999996e-06,0.05245077982544899,0.03418959304690361,0.00023914390476420522,0.00819967407733202,0.5250515206293627,0.1822428855706345,0.3216020735827359,0.0020585774737727743,0.019147982185875826
133,0.10643457621335983,1.9531249999999996e-06,0.039512235671281815,0.050704240798950195,0.0004614915233105421,0.01575661264359951,0.5256996994668787,0.18454515933990479,0.32113023644143884,0.0009786496348996561,0.019045652059668846
134,0.11638623476028442,1.9531249999999996e-06,0.06502705812454224,0.045024845749139786,0.00021997274598106742,0.006114363204687834,0.5258484049276873,0.1840815252878449,0.3210213157263669,0.0017632311342326416,0.018982333554462952
135,0.11449313908815384,1.9531249999999996e-06,0.06162096932530403,0.030235979706048965,0.00019800299196504056,0.022438183426856995,0.5266834578730843,0.18551961400292136,0.32049123671921814,0.0016939000131308355,0.018978707492351532
136,0.0875709131360054,1.9531249999999996e-06,0.043771885335445404,0.033430807292461395,0.00015326039283536375,0.01021496020257473,0.5296417298642072,0.1870476667853919,0.3214663131670518,0.002127138410948894,0.01900062206285921
137,0.10556203126907349,1.9531249999999996e-06,0.05460762977600098,0.04709045961499214,0.0006835376843810081,0.003180410712957382,0.5301305881955407,0.18632623011415655,0.3212585151195526,0.0033572923050748864,0.019188548014922577
138,0.08207590878009796,1.9531249999999996e-06,0.04476533457636833,0.032347992062568665,0.00034583016531541944,0.004616746213287115,0.5284088172695853,0.18591134927489542,0.321514675563032,0.0019111008507686413,0.0190716932781718
139,0.1607474386692047,1.9531249999999996e-06,0.08028128743171692,0.07674100250005722,0.000732142070773989,0.0029929978772997856,0.5297447903589769,0.18754270368001677,0.32155103439634497,0.0015825036786157977,0.019068551080470734
140,0.08609931170940399,1.9531249999999996e-06,0.0445464551448822,0.027887830510735512,0.00023502070689573884,0.013430009596049786,0.5307527482509613,0.18768406625498424,0.32155387239022687,0.0024266830388858743,0.019088122993707657
141,0.10002132505178452,1e-06,0.03431858494877815,0.06295184046030045,0.00016709316696505994,0.0025838022120296955,0.5294095020402562,0.18750063465400177,0.3208903575485403,0.0019702210106929256,0.019048290665854107
142,0.09848666191101074,1e-06,0.035784266889095306,0.043286632746458054,0.0020702811889350414,0.017345484346151352,0.527829651128162,0.18652816828001628,0.3211587938395413,0.001345772338523106,0.01879690485921773
143,0.11215413361787796,1e-06,0.06879371404647827,0.04002656415104866,0.00020400442008394748,0.0031298575922846794,0.5286036499521949,0.1876008886505257,0.3207457648082213,0.0012171192039121788,0.019039866895499555
144,0.08413558453321457,1e-06,0.03717543184757233,0.040926627814769745,0.00033949711360037327,0.005694021470844746,0.5303870033134114,0.18772751939567653,0.3206866370006041,0.002897467890182849,0.019075372721999884
145,0.06244708597660065,1e-06,0.01567271538078785,0.043918173760175705,0.001253707567229867,0.0016024853102862835,0.5285726514729586,0.18780288269573991,0.320695007389242,0.0012051643689946186,0.018869596025483173
146,0.09814279526472092,1e-06,0.048182372003793716,0.04631940275430679,6.8454843130894e-05,0.0035725622437894344,0.5290655358271166,0.18763349069790405,0.3205925930630077,0.0017438009778164667,0.019095657689666205
147,0.11803160607814789,1e-06,0.025921229273080826,0.06895998865365982,0.00021721789380535483,0.022933166474103928,0.5285301912914623,0.1869928024031899,0.3209095150232315,0.0016255412589419973,0.019002333876084198
148,0.10802905261516571,1e-06,0.06536152213811874,0.02390844002366066,0.003395963227376342,0.015363125130534172,0.5302126908844168,0.18878952379931102,0.32056898691437463,0.0018103787707249549,0.019043827852742237
149,0.08919529616832733,1e-06,0.03402905911207199,0.04192096367478371,0.0002176378038711846,0.01302762795239687,0.5275353315201673,0.18711930885910988,0.3200582401318984,0.001140514006361958,0.019217283761298113
150,0.13356651365756989,1e-06,0.022730261087417603,0.09809061884880066,0.0002200103335781023,0.012525622732937336,0.5285882462154735,0.18617644770578903,0.32124298133633356,0.0020953079286052593,0.019073497927324337
151,0.11671501398086548,1e-06,0.04797211289405823,0.060502856969833374,0.0001747714268276468,0.00806527491658926,0.5298794846643101,0.18808911740779877,0.320290977304632,0.0025065017530736936,0.01899287180805748
152,0.10461185872554779,1e-06,0.023651760071516037,0.07444125413894653,0.0009671897860243917,0.005551653914153576,0.5271683226932179,0.1868194260380485,0.31994822892275726,0.0012553798574530942,0.01914528731934049
153,0.08529603481292725,1e-06,0.02934328466653824,0.047553595155477524,0.00022097407781984657,0.00817818008363247,0.5306050398133018,0.18822974813255397,0.3213526186617938,0.0019845368912104855,0.019038139800117773
154,0.05828152596950531,1e-06,0.014684193767607212,0.03478480130434036,0.00029576884116977453,0.008516762405633926,0.5302930867130106,0.18825445866042917,0.3214209960265593,0.0016228796818970957,0.018994774542410265
155,0.07741773873567581,1e-06,0.02933027222752571,0.04016561061143875,0.0002843467518687248,0.007637507282197475,0.5311768109148199,0.18832641061056743,0.3214961574836211,0.002116326955729164,0.019237922758541325
156,0.09497260302305222,1e-06,0.0489412285387516,0.03155649080872536,0.0001620673865545541,0.014312820509076118,0.5309561274268411,0.18828364360061559,0.32146705009720544,0.00218929560452869,0.019016137685288082
157,0.08858165144920349,1e-06,0.02094278298318386,0.040805328637361526,0.00020842839148826897,0.026625115424394608,0.5302608013153076,0.18832950903610748,0.32136748189275915,0.0014706870530393314,0.019093132408505135
158,0.10567052662372589,1e-06,0.04143255949020386,0.053535595536231995,0.0022569806315004826,0.008445385843515396,0.5293928235769272,0.18691714345054192,0.32155460525642743,0.0019237193138740788,0.01899734503504905
159,0.08428175747394562,1e-06,0.04466892033815384,0.03654069826006889,0.00012677194899879396,0.0029453719034790993,0.5307583185759458,0.18914348327300765,0.32119391045787116,0.001508542815413834,0.018912372179329395
160,0.13755354285240173,1e-06,0.07364446669816971,0.06085699424147606,0.0002984108286909759,0.0027536770794540644,0.5316723517396234,0.18860777399756692,0.3218273019248789,0.002173617958429862,0.01906367086551406
161,0.08989378809928894,1e-06,0.031824447214603424,0.04316238686442375,0.0005816742777824402,0.014325279742479324,0.5315903452309695,0.18904771147803826,0.32134847613898193,0.002026000475532121,0.019168155437166042
162,0.06478095799684525,1e-06,0.028188280761241913,0.030023280531167984,0.0006007528281770647,0.005968643352389336,0.5297267193144019,0.18747473643584686,0.3215814639221538,0.0016240055675470185,0.019046523100273174
163,0.08334225416183472,1e-06,0.0437617301940918,0.03352394327521324,0.00010541662049945444,0.005951155908405781,0.5317230725830252,0.18838347833264957,0.3217170536518097,0.002587056008368646,0.019035491584376854
164,0.08111798763275146,1e-06,0.03397051990032196,0.028822237625718117,0.0003313404740765691,0.01799388788640499,0.5304491398009387,0.18847929110581224,0.3217444893988696,0.0011366051013200458,0.01908874355087226
165,0.11014322191476822,1e-06,0.05773092433810234,0.04117541015148163,0.0014637174317613244,0.00977316778153181,0.5290205925703049,0.1871000514789061,0.3216323879632083,0.0013374033958164298,0.0189507386054505
166,0.08108105510473251,1e-06,0.020227227360010147,0.056481216102838516,0.000812178011983633,0.0035604340955615044,0.5308558304201473,0.18721821599385954,0.32221070473844354,0.0023870109038067644,0.019039900804107838
167,0.09987431764602661,1e-06,0.055450439453125,0.036582861095666885,0.0003143002395518124,0.007526714354753494,0.5302329523996874,0.18725129792636092,0.3218565718694167,0.0019741630054671655,0.01915092139758847
168,0.1194467768073082,1e-06,0.04687165096402168,0.05951348692178726,0.00037085916846990585,0.012690776959061623,0.5295733254064213,0.18743284554644066,0.32199987091801385,0.001086594501182183,0.019054015590385956
169,0.0670686662197113,1e-06,0.022525139153003693,0.03401850163936615,0.0020816721953451633,0.008443349972367287,0.5297985456206582,0.18707972968166525,0.32191880589181726,0.0017659547685814853,0.019034064967523922
170,0.10781335085630417,1e-06,0.03625112771987915,0.061113279312849045,0.0003310311585664749,0.01011791080236435,0.5301493934609673,0.18741866472092542,0.321775112639774,0.0018817824973005124,0.019073837563734163
171,0.08011667430400848,1e-06,0.03704788535833359,0.0382126048207283,0.0001179570535896346,0.004738223273307085,0.5300065292553469,0.1879388060082089,0.32207874140956183,0.0008999680047219789,0.01908902239731767
172,0.09624814987182617,1e-06,0.02303326688706875,0.06304376572370529,0.00022572252782993019,0.009945392608642578,0.531403281471946,0.1888498467477885,0.32260871068997815,0.0010264566173480655,0.0189182549207048
173,0.11095896363258362,1e-06,0.05466732755303383,0.04024893417954445,0.0005080715054646134,0.015534630045294762,0.529690139672973,0.18815814432772723,0.32170871712944726,0.0008372437468179586,0.018986036916348068
174,0.07272914052009583,1e-06,0.021106185391545296,0.027293970808386803,0.0001976561761694029,0.024131327867507935,0.5316029312935743,0.18931832570921292,0.32128177989612927,0.0019583458713234654,0.019044462422078304
175,0.09007453918457031,1e-06,0.03425050154328346,0.054254159331321716,0.0001478061021771282,0.0014220806770026684,0.52986586635763,0.18786789747801694,0.321299899708141,0.0016761664539279247,0.01902190451933579
176,0.06962110847234726,1e-06,0.03535348176956177,0.030991464853286743,0.00015148826059885323,0.0031246799044311047,0.5311065004630522,0.18904801932248202,0.32191939787431195,0.001225031451957131,0.01891404860229655
177,0.11838175356388092,1e-06,0.06402936577796936,0.051152922213077545,0.0018660476198419929,0.0013334164395928383,0.5297595506364648,0.18783453106880188,0.3213479681448503,0.0014585478241894055,0.019118497317487545
178,0.10336469858884811,1e-06,0.05514952167868614,0.03824092075228691,0.0013733149971812963,0.00860094465315342,0.5316541560671546,0.18925621089610187,0.32200207628987054,0.0013072191769341853,0.019088660874827343
179,0.11523664742708206,1e-06,0.06703272461891174,0.022521892562508583,0.0002857767976820469,0.025396259501576424,0.5326824432069605,0.18973458287390796,0.3223153203725815,0.001613848511955108,0.019018678248605946
180,0.2297012358903885,1e-06,0.09746116399765015,0.1272672414779663,0.0012261561350896955,0.0037466739304363728,0.5330155708573081,0.18965399129824204,0.32209391079165717,0.002326620919947428,0.018941034520552916
181,0.05726011097431183,1e-06,0.020332859829068184,0.023302773013710976,0.0023053337354213,0.011319145560264587,0.5324041274460879,0.1894758722998879,0.3224400281906128,0.0015405595768243074,0.01894766109233553
182,0.09560607373714447,1e-06,0.04292215034365654,0.04274701699614525,0.0013579227961599827,0.008578989654779434,0.5303583402525295,0.18723808872428807,0.3224796855991537,0.0016247370182430711,0.019015838053416122
183,0.10215701907873154,1e-06,0.0546480230987072,0.03818025067448616,0.00018629900296218693,0.009142446331679821,0.5333147929473356,0.18957105617631564,0.32242930748245935,0.0023229848143686963,0.01899145581674847
184,0.0934370756149292,1e-06,0.025622181594371796,0.06354717910289764,0.0001870928390417248,0.004080627113580704,0.5320976010777734,0.18898758190599355,0.322475329041481,0.0015893599285680632,0.019045327028090305
185,0.1267210990190506,1e-06,0.07333139330148697,0.04767826944589615,0.0004484098171815276,0.00526302820071578,0.5321065309372816,0.1901467384939844,0.3218769227916544,0.0011957166266669942,0.01888714705339887
186,0.10550890862941742,1e-06,0.05717696622014046,0.04287320375442505,0.0002802882227115333,0.005178455263376236,0.5334818905050104,0.19028227065097203,0.32264734398234973,0.0014440591079288754,0.01910821678624912
187,0.07115121930837631,1e-06,0.020284216850996017,0.04599425569176674,0.00037793570663779974,0.004494806285947561,0.5339724922722037,0.19050163809548726,0.3230711113322865,0.0013666597343134608,0.019033089237795633
188,0.060830000787973404,1e-06,0.020941948518157005,0.03390568867325783,0.0006606481038033962,0.005321717821061611,0.5337902321056887,0.18972587382251566,0.3227469826286489,0.00223028400267305,0.019087098877538334
189,0.06673605740070343,1e-06,0.01283569261431694,0.05167721211910248,0.00014057708904147148,0.0020825748797506094,0.5335974828763441,0.1904569992964918,0.32183288308707153,0.0021545141260668806,0.019153084478933703
190,0.14560741186141968,1e-06,0.04973355308175087,0.09144151955842972,0.00013065281382296234,0.0043016886338591576,0.5323743562806736,0.19013658233664252,0.32132713903080334,0.001954718675485558,0.018955917182293804
191,0.07987508922815323,1e-06,0.03786318376660347,0.034815479069948196,0.002990462351590395,0.00420596357434988,0.533427978103811,0.1901330961422487,0.32210703465071594,0.002007053397722881,0.019180800088427284
192,0.13628344237804413,1e-06,0.0590934231877327,0.06335244327783585,0.0003400535206310451,0.013497517444193363,0.5345678302374753,0.19135779481042514,0.3218672397461804,0.002262451950545338,0.01908035957339135
193,0.09712690860033035,1e-06,0.03923983499407768,0.04621795937418938,0.0005076304660178721,0.011161483824253082,0.5351109585978768,0.19161869958043098,0.32243819399313495,0.001961487606009045,0.019092580345882612
194,0.05728444457054138,1e-06,0.009761768393218517,0.032537274062633514,0.00022385307238437235,0.014761547558009624,0.5311429514126345,0.18796997551213612,0.32221017371524463,0.0019758136477321386,0.018986984833397648
195,0.10841472446918488,1e-06,0.01409385446459055,0.08024721592664719,0.00013589896843768656,0.013937757350504398,0.5317109105261889,0.18888504159721461,0.3218053796074607,0.002060401417442005,0.01896007020365108
196,0.06180816888809204,1e-06,0.01761561632156372,0.02814307250082493,0.00026125682052224874,0.01578822359442711,0.533474630930207,0.1910094374960119,0.321966523473913,0.001560344897866757,0.018938321916555815
197,0.13981479406356812,1e-06,0.09379202872514725,0.03489045426249504,0.0001834795984905213,0.010948831215500832,0.5345105542377993,0.19124138660051607,0.3223848830569874,0.0018243143514899368,0.019059950824488293
198,0.1456860452890396,1e-06,0.09121902287006378,0.040131453424692154,0.0002594630350358784,0.014076115563511848,0.5328576944091103,0.1908941844647581,0.32154290107163513,0.0015376627746842462,0.018882953223179687
199,0.10642597079277039,1e-06,0.05112911015748978,0.050228942185640335,0.0022660226095467806,0.002801894210278988,0.5314962891015139,0.19017808376388115,0.32100055840882386,0.001233622672523118,0.019084031354974617
